{
  "preset": "financial",
  "version": "1.0.0",
  "description": "MiFID II + GDPR Art.22 rules for financial AI deployments",
  "rules": [
    {
      "id": "fin_investment_advice_warn",
      "name": "Warn on unsolicited investment advice",
      "condition": {"operator": "contains", "value": "you should buy"},
      "action": "WARN", "priority": 70, "active": true
    },
    {
      "id": "fin_pii_card",
      "name": "Redact credit card numbers",
      "condition": {"operator": "regex", "value": "\\b(?:\\d{4}[\\s\\-]?){4}\\b"},
      "action": "REDACT", "priority": 90, "active": true
    },
    {
      "id": "fin_insider_trading",
      "name": "Block insider trading facilitation",
      "condition": {"operator": "contains", "value": "non-public information"},
      "action": "BLOCK", "priority": 98, "active": true
    },
    {
      "id": "fin_suitability",
      "name": "Escalate suitability assessment requests",
      "condition": {"operator": "contains", "value": "suitability assessment"},
      "action": "ESCALATE", "priority": 75, "active": true
    }
  ]
}
