{
  "preset": "hr",
  "version": "1.0.0",
  "description": "Anti-discrimination and bias detection rules for HR AI deployments",
  "rules": [
    {
      "id": "hr_anti_discrimination_001",
      "name": "Block discriminatory screening criteria",
      "condition": {"operator": "contains", "value": "younger energy"},
      "action": "BLOCK", "priority": 95, "active": true
    },
    {
      "id": "hr_protected_class_002",
      "name": "Block protected class interview questions",
      "condition": {"operator": "contains", "value": "are you married"},
      "action": "BLOCK", "priority": 95, "active": true
    },
    {
      "id": "hr_pii_redact_003",
      "name": "Redact PII from HR prompts",
      "condition": {"operator": "regex", "value": "[a-zA-Z0-9._%+\\-]+@[a-zA-Z0-9.\\-]+\\.[a-zA-Z]{2,}"},
      "action": "REDACT", "priority": 80, "active": true
    },
    {
      "id": "hr_salary_equity_004",
      "name": "Flag salary equity concerns for review",
      "condition": {"operator": "contains", "value": "gender pay gap"},
      "action": "WARN", "priority": 60, "active": true
    }
  ]
}
