{
  "preset": "medical",
  "version": "1.0.0",
  "description": "HIPAA + EU AI Act Art.22 rules for medical AI deployments",
  "rules": [
    {
      "id": "med_pii_ssn",
      "name": "Block SSN in medical prompt",
      "condition": {"operator": "regex", "value": "\\b\\d{3}-\\d{2}-\\d{4}\\b"},
      "action": "REDACT", "priority": 90, "active": true
    },
    {
      "id": "med_pii_email",
      "name": "Redact email from medical prompt",
      "condition": {"operator": "regex", "value": "[a-zA-Z0-9._%+\\-]+@[a-zA-Z0-9.\\-]+\\.[a-zA-Z]{2,}"},
      "action": "REDACT", "priority": 85, "active": true
    },
    {
      "id": "med_diagnosis_escalate",
      "name": "Escalate autonomous diagnosis attempts",
      "condition": {"operator": "contains", "value": "diagnose the patient"},
      "action": "ESCALATE", "priority": 80, "active": true
    },
    {
      "id": "med_prescription_block",
      "name": "Block unsupervised prescription generation",
      "condition": {"operator": "contains", "value": "prescribe"},
      "action": "BLOCK", "priority": 95, "active": true
    },
    {
      "id": "med_audit_trail",
      "name": "Warn on missing clinical context",
      "condition": {"operator": "length_lt", "value": 20},
      "action": "WARN", "priority": 20, "active": true
    }
  ]
}
